opcode,name,source_release,static_contract,liblcf_enum,player_dispatch,player_handler,inventory_status,observation,runtime_acceptance,contract_file
0,End Command,250921,complete_for_documented_250921_modes,,,,contextual_review_required,结束记录；需检查解释器帧生命周期，不能按缺少 case 判为缺失。,not_performed_in_this_assessment,../../RPGRewriter-maniac/analysis/Maniacs-Complete/commands/00000.md
10,End Nest,250921,complete_for_documented_250921_modes,END,,,contextual_review_required,嵌套结束标记；需检查父命令扫描和调度。,not_performed_in_this_assessment,../../RPGRewriter-maniac/analysis/Maniacs-Complete/commands/00010.md
40,Observed Opcode40,250921,complete_for_documented_250921_modes,,,,native_no_payload_effect_scheduling_unverified,250921 原版默认跳过；仍需核对调度行为。,not_performed_in_this_assessment,../../RPGRewriter-maniac/analysis/Maniacs-Complete/commands/00040.md
1005,Call Common Event,250921,complete_for_documented_250921_modes,CallCommonEvent,src/game_interpreter_battle.cpp:224,Game_Interpreter_Battle::CommandCallCommonEvent,existing_handler_semantics_unverified,本轮只核对分派位置，尚未逐参数/子模式比对。,not_performed_in_this_assessment,../../RPGRewriter-maniac/analysis/Maniacs-Complete/commands/01005.md
1006,Force Escape,250921,complete_for_documented_250921_modes,ForceFlee,src/game_interpreter_battle.cpp:226,Game_Interpreter_Battle::CommandForceFlee,existing_handler_semantics_unverified,本轮只核对分派位置，尚未逐参数/子模式比对。,not_performed_in_this_assessment,../../RPGRewriter-maniac/analysis/Maniacs-Complete/commands/01006.md
1007,Action Times +,250921,complete_for_documented_250921_modes,EnableCombo,src/game_interpreter_battle.cpp:228,Game_Interpreter_Battle::CommandEnableCombo,existing_handler_semantics_unverified,本轮只核对分派位置，尚未逐参数/子模式比对。,not_performed_in_this_assessment,../../RPGRewriter-maniac/analysis/Maniacs-Complete/commands/01007.md
1008,Change Class,250921,complete_for_documented_250921_modes,ChangeClass,src/game_interpreter.cpp:749,Game_Interpreter::CommandChangeClass,existing_handler_semantics_unverified,本轮只核对分派位置，尚未逐参数/子模式比对。,not_performed_in_this_assessment,../../RPGRewriter-maniac/analysis/Maniacs-Complete/commands/01008.md
1009,Battle Commands,250921,complete_for_documented_250921_modes,ChangeBattleCommands,src/game_interpreter.cpp:751,Game_Interpreter::CommandChangeBattleCommands,existing_handler_semantics_unverified,本轮只核对分派位置，尚未逐参数/子模式比对。,not_performed_in_this_assessment,../../RPGRewriter-maniac/analysis/Maniacs-Complete/commands/01009.md
3001,Get Save Info,250921,complete_for_documented_250921_modes,Maniac_GetSaveInfo,src/game_interpreter.cpp:763,Game_Interpreter::CommandManiacGetSaveInfo,existing_handler_semantics_unverified,本轮只核对分派位置，尚未逐参数/子模式比对。,not_performed_in_this_assessment,../../RPGRewriter-maniac/analysis/Maniacs-Complete/commands/03001.md
3002,Save,250921,complete_for_documented_250921_modes,Maniac_Save,src/game_interpreter.cpp:767,Game_Interpreter::CommandManiacSave,existing_handler_semantics_unverified,本轮只核对分派位置，尚未逐参数/子模式比对。,not_performed_in_this_assessment,../../RPGRewriter-maniac/analysis/Maniacs-Complete/commands/03002.md
3003,Load Save,250921,complete_for_documented_250921_modes,Maniac_Load,src/game_interpreter.cpp:765,Game_Interpreter::CommandManiacLoad,existing_handler_semantics_unverified,本轮只核对分派位置，尚未逐参数/子模式比对。,not_performed_in_this_assessment,../../RPGRewriter-maniac/analysis/Maniacs-Complete/commands/03003.md
3004,End Load Process,250921,complete_for_documented_250921_modes,Maniac_EndLoadProcess,src/game_interpreter.cpp:769,Game_Interpreter::CommandManiacEndLoadProcess,confirmed_partial_or_gap,当前 handler 直接返回 true；报告描述原版读档完成标志及后续更新消费者。,not_performed_in_this_assessment,../../RPGRewriter-maniac/analysis/Maniacs-Complete/commands/03004.md
3005,Get Mouse Position,250921,complete_for_documented_250921_modes,Maniac_GetMousePosition,src/game_interpreter.cpp:771,Game_Interpreter::CommandManiacGetMousePosition,existing_handler_semantics_unverified,本轮只核对分派位置，尚未逐参数/子模式比对。,not_performed_in_this_assessment,../../RPGRewriter-maniac/analysis/Maniacs-Complete/commands/03005.md
3006,Set Mouse Position,250921,complete_for_documented_250921_modes,Maniac_SetMousePosition,src/game_interpreter.cpp:773,Game_Interpreter::CommandManiacSetMousePosition,warning_stub,明确警告占位：SetMousePosition not supported。,not_performed_in_this_assessment,../../RPGRewriter-maniac/analysis/Maniacs-Complete/commands/03006.md
3007,Show String Picture,250921,complete_for_documented_250921_modes,Maniac_ShowStringPicture,src/game_interpreter.cpp:775,Game_Interpreter::CommandManiacShowStringPicture,existing_handler_semantics_unverified,已有文字图片；需逐字段核对 A23、文本段、字体、UTF-16 和渲染状态。,not_performed_in_this_assessment,../../RPGRewriter-maniac/analysis/Maniacs-Complete/commands/03007.md
3008,Get Picture Info,250921,complete_for_documented_250921_modes,Maniac_GetPictureInfo,src/game_interpreter.cpp:777,Game_Interpreter::CommandManiacGetPictureInfo,existing_handler_semantics_unverified,本轮只核对分派位置，尚未逐参数/子模式比对。,not_performed_in_this_assessment,../../RPGRewriter-maniac/analysis/Maniacs-Complete/commands/03008.md
3009,Control Battle,250921,complete_for_documented_250921_modes,Maniac_ControlBattle,src/game_interpreter_battle.cpp:250,Game_Interpreter_Battle::CommandManiacControlBattle,existing_handler_semantics_unverified,本轮只核对分派位置，尚未逐参数/子模式比对。,not_performed_in_this_assessment,../../RPGRewriter-maniac/analysis/Maniacs-Complete/commands/03009.md
3010,Control ATB Gauge,250921,complete_for_documented_250921_modes,Maniac_ControlAtbGauge,src/game_interpreter_battle.cpp:252,Game_Interpreter_Battle::CommandManiacControlAtbGauge,existing_handler_semantics_unverified,本轮只核对分派位置，尚未逐参数/子模式比对。,not_performed_in_this_assessment,../../RPGRewriter-maniac/analysis/Maniacs-Complete/commands/03010.md
3011,Battle Command Extension,250921,complete_for_documented_250921_modes,Maniac_ChangeBattleCommandEx,src/game_interpreter_battle.cpp:254,Game_Interpreter_Battle::CommandManiacChangeBattleCommandEx,existing_handler_semantics_unverified,本轮只核对分派位置，尚未逐参数/子模式比对。,not_performed_in_this_assessment,../../RPGRewriter-maniac/analysis/Maniacs-Complete/commands/03011.md
3012,Get Battle Info,250921,complete_for_documented_250921_modes,Maniac_GetBattleInfo,src/game_interpreter_battle.cpp:256,Game_Interpreter_Battle::CommandManiacGetBattleInfo,existing_handler_semantics_unverified,本轮只核对分派位置，尚未逐参数/子模式比对。,not_performed_in_this_assessment,../../RPGRewriter-maniac/analysis/Maniacs-Complete/commands/03012.md
3013,Control Variable Array,250921,complete_for_documented_250921_modes,Maniac_ControlVarArray,src/game_interpreter.cpp:779,Game_Interpreter::CommandManiacControlVarArray,existing_handler_semantics_unverified,本轮只核对分派位置，尚未逐参数/子模式比对。,not_performed_in_this_assessment,../../RPGRewriter-maniac/analysis/Maniacs-Complete/commands/03013.md
3014,Extended Key Input,250921,complete_for_documented_250921_modes,Maniac_KeyInputProcEx,src/game_interpreter.cpp:781,Game_Interpreter::CommandManiacKeyInputProcEx,existing_handler_semantics_unverified,当前实现明确警告 Joypad not supported；平台输入亦有限制。,not_performed_in_this_assessment,../../RPGRewriter-maniac/analysis/Maniacs-Complete/commands/03014.md
3015,Rewrite Map,250921,complete_for_documented_250921_modes,Maniac_RewriteMap,src/game_interpreter.cpp:783,Game_Interpreter::CommandManiacRewriteMap,existing_handler_semantics_unverified,本轮只核对分派位置，尚未逐参数/子模式比对。,not_performed_in_this_assessment,../../RPGRewriter-maniac/analysis/Maniacs-Complete/commands/03015.md
3016,Control Shared Save,250921,complete_for_documented_250921_modes,Maniac_ControlGlobalSave,src/game_interpreter.cpp:785,Game_Interpreter::CommandManiacControlGlobalSave,existing_handler_semantics_unverified,本轮只核对分派位置，尚未逐参数/子模式比对。,not_performed_in_this_assessment,../../RPGRewriter-maniac/analysis/Maniacs-Complete/commands/03016.md
3017,Change Picture ID,250921,complete_for_documented_250921_modes,Maniac_ChangePictureId,src/game_interpreter.cpp:787,Game_Interpreter::CommandManiacChangePictureId,warning_stub,明确警告占位：ChangePictureId not supported。,not_performed_in_this_assessment,../../RPGRewriter-maniac/analysis/Maniacs-Complete/commands/03017.md
3018,Set Game Option,250921,complete_for_documented_250921_modes,Maniac_SetGameOption,src/game_interpreter.cpp:789,Game_Interpreter::CommandManiacSetGameOption,confirmed_partial_or_gap,当前仅图片数量上限分支为空操作，其余 option 警告不支持。,not_performed_in_this_assessment,../../RPGRewriter-maniac/analysis/Maniacs-Complete/commands/03018.md
3019,Call Command,250921,complete_for_documented_250921_modes,Maniac_CallCommand,src/game_interpreter.cpp:793,Game_Interpreter::CommandManiacCallCommand,existing_handler_semantics_unverified,本轮只核对分派位置，尚未逐参数/子模式比对。,not_performed_in_this_assessment,../../RPGRewriter-maniac/analysis/Maniacs-Complete/commands/03019.md
3020,RmStrvar,250921,complete_for_documented_250921_modes,Maniac_ControlStrings,src/game_interpreter.cpp:791,Game_Interpreter::CommandManiacControlStrings,existing_handler_semantics_unverified,已有字符串实现；需核对全部来源/操作、编码、正则、self 和原版分歧。,not_performed_in_this_assessment,../../RPGRewriter-maniac/analysis/Maniacs-Complete/commands/03020.md
3021,Get Game Info,250921,complete_for_documented_250921_modes,Maniac_GetGameInfo,src/game_interpreter.cpp:795,Game_Interpreter::CommandManiacGetGameInfo,confirmed_partial_or_gap,已有部分操作；Pixel Info / Command Interpreter State 明确未实现。,not_performed_in_this_assessment,../../RPGRewriter-maniac/analysis/Maniacs-Complete/commands/03021.md
3022,Expression,250921,complete_for_documented_250921_modes,,,,native_no_payload_effect_scheduling_unverified,原版独立执行不求值；共享表达式用于 10220/3019 等，需分别审计。,not_performed_in_this_assessment,../../RPGRewriter-maniac/analysis/Maniacs-Complete/commands/03022.md
3023,Reserved1,250921,complete_for_documented_250921_modes,,,,native_no_payload_effect_scheduling_unverified,原版直接返回成功，不消费参数；不能按显示名称添加执行逻辑。,not_performed_in_this_assessment,../../RPGRewriter-maniac/analysis/Maniacs-Complete/commands/03023.md
3024,Reserved2,250921,complete_for_documented_250921_modes,,,,native_no_payload_effect_scheduling_unverified,原版默认跳过；需核对解释器继续取指行为。,not_performed_in_this_assessment,../../RPGRewriter-maniac/analysis/Maniacs-Complete/commands/03024.md
3025,Edit Picture,250921,complete_for_documented_250921_modes,Maniac_EditPicture,,,missing_dispatch_for_runtime_effect,liblcf 有枚举，Player 三个事件解释器没有该 case；图片编辑待接入。,not_performed_in_this_assessment,../../RPGRewriter-maniac/analysis/Maniacs-Complete/commands/03025.md
3026,Output Picture,250921,complete_for_documented_250921_modes,Maniac_WritePicture,,,missing_dispatch_for_runtime_effect,liblcf 有枚举，Player 三个事件解释器没有该 case；图片输出待接入。,not_performed_in_this_assessment,../../RPGRewriter-maniac/analysis/Maniacs-Complete/commands/03026.md
3027,AddAction,250921,complete_for_documented_250921_modes,Maniac_AddMoveRoute,,,parent_consumer_required,原版独立执行为空操作；11330 应消费连续记录并编译动作。,not_performed_in_this_assessment,../../RPGRewriter-maniac/analysis/Maniacs-Complete/commands/03027.md
3028,Draw Tile On Picture,250921,complete_for_documented_250921_modes,Maniac_EditTile,,,missing_dispatch_for_runtime_effect,liblcf 有枚举，Player 三个事件解释器没有该 case；在图片上绘制图块待接入。,not_performed_in_this_assessment,../../RPGRewriter-maniac/analysis/Maniacs-Complete/commands/03028.md
3029,Control Message,250921,complete_for_documented_250921_modes,Maniac_ControlTextProcessing,,,missing_dispatch_for_runtime_effect,liblcf 有枚举，Player 三个事件解释器没有该 case；消息钩子待接入。,not_performed_in_this_assessment,../../RPGRewriter-maniac/analysis/Maniacs-Complete/commands/03029.md
3030,JavaScript,250921,complete_for_documented_250921_modes,,,,missing_dispatch_for_runtime_effect,缺少命令入口及已识别的嵌入式 JS 运行环境；报告未完整分析引擎内部和后续初始化。,not_performed_in_this_assessment,../../RPGRewriter-maniac/analysis/Maniacs-Complete/commands/03030.md
3031,JavaScript Continuation,250921,complete_for_documented_250921_modes,,,,parent_consumer_required,原版直接执行为空操作；启用的 3030 字面量来源应收集连续文本。,not_performed_in_this_assessment,../../RPGRewriter-maniac/analysis/Maniacs-Complete/commands/03031.md
3032,Zoom Screen,250921,complete_for_documented_250921_modes,,,,missing_dispatch_for_runtime_effect,没有对应 case；屏幕缩放参数和时序待接入。,not_performed_in_this_assessment,../../RPGRewriter-maniac/analysis/Maniacs-Complete/commands/03032.md
3033,Console,250921,complete_for_documented_250921_modes,,,,missing_dispatch_for_runtime_effect,没有对应 case；控制台状态及文本展开待接入。,not_performed_in_this_assessment,../../RPGRewriter-maniac/analysis/Maniacs-Complete/commands/03033.md
3034,Reserved,250921,complete_for_documented_250921_modes,,,,native_no_payload_effect_scheduling_unverified,原版显式返回成功，不消费参数。,not_performed_in_this_assessment,../../RPGRewriter-maniac/analysis/Maniacs-Complete/commands/03034.md
3035,DrawShape,250921,complete_for_documented_250921_modes,,,,native_no_payload_effect_scheduling_unverified,名称为 DrawShape，但该版本原版未执行形状绘制，走默认跳过。,not_performed_in_this_assessment,../../RPGRewriter-maniac/analysis/Maniacs-Complete/commands/03035.md
3036,Selfvar,250921,complete_for_documented_250921_modes,,,,missing_dispatch_for_runtime_effect,没有对应 case；需要持久化的全局/公共事件/地图事件/当前帧/调用者环境。,not_performed_in_this_assessment,../../RPGRewriter-maniac/analysis/Maniacs-Complete/commands/03036.md
3037,Change Troop Member,250921,complete_for_documented_250921_modes,,,,missing_dispatch_for_runtime_effect,没有对应 case；战斗队伍成员变更待接入。,not_performed_in_this_assessment,../../RPGRewriter-maniac/analysis/Maniacs-Complete/commands/03037.md
3038,Control Media Option,250921,complete_for_documented_250921_modes,,,,missing_dispatch_for_runtime_effect,没有对应 case；媒体选项读写及平台语义待接入。,not_performed_in_this_assessment,../../RPGRewriter-maniac/analysis/Maniacs-Complete/commands/03038.md
5001,Open Load Menu,250921,complete_for_documented_250921_modes,OpenLoadMenu,src/game_interpreter_map.cpp:242,Game_Interpreter_Map::CommandOpenLoadMenu,existing_handler_semantics_unverified,本轮只核对分派位置，尚未逐参数/子模式比对。,not_performed_in_this_assessment,../../RPGRewriter-maniac/analysis/Maniacs-Complete/commands/05001.md
5002,Shutdown,250921,complete_for_documented_250921_modes,ExitGame,src/game_interpreter.cpp:757,Game_Interpreter::CommandExitGame,existing_handler_semantics_unverified,本轮只核对分派位置，尚未逐参数/子模式比对。,not_performed_in_this_assessment,../../RPGRewriter-maniac/analysis/Maniacs-Complete/commands/05002.md
5003,Toggle ATB Wait,250921,complete_for_documented_250921_modes,ToggleAtbMode,src/game_interpreter_map.cpp:244,Game_Interpreter_Map::CommandToggleAtbMode,existing_handler_semantics_unverified,本轮只核对分派位置，尚未逐参数/子模式比对。,not_performed_in_this_assessment,../../RPGRewriter-maniac/analysis/Maniacs-Complete/commands/05003.md
5004,Toggle Fullscreen,250921,complete_for_documented_250921_modes,ToggleFullscreen,src/game_interpreter.cpp:759,Game_Interpreter::CommandToggleFullscreen,existing_handler_semantics_unverified,本轮只核对分派位置，尚未逐参数/子模式比对。,not_performed_in_this_assessment,../../RPGRewriter-maniac/analysis/Maniacs-Complete/commands/05004.md
5005,Open Video Menu,250921,complete_for_documented_250921_modes,OpenVideoOptions,src/game_interpreter.cpp:761,Game_Interpreter::CommandOpenVideoOptions,existing_handler_semantics_unverified,本轮只核对分派位置，尚未逐参数/子模式比对。,not_performed_in_this_assessment,../../RPGRewriter-maniac/analysis/Maniacs-Complete/commands/05005.md
10110,Show Text,250921,complete_for_documented_250921_modes,ShowMessage,src/game_interpreter.cpp:592,Game_Interpreter::CommandShowMessage,existing_handler_semantics_unverified,本轮只核对分派位置，尚未逐参数/子模式比对。,not_performed_in_this_assessment,../../RPGRewriter-maniac/analysis/Maniacs-Complete/commands/10110.md
10120,Text Options,250921,complete_for_documented_250921_modes,MessageOptions,src/game_interpreter.cpp:594,Game_Interpreter::CommandMessageOptions,confirmed_partial_or_gap,已有普通选项；src/game_interpreter.cpp:952 明确标记 Maniac 消息框尺寸/字体尚未实现。,not_performed_in_this_assessment,../../RPGRewriter-maniac/analysis/Maniacs-Complete/commands/10120.md
10130,Change Text Face,250921,complete_for_documented_250921_modes,ChangeFaceGraphic,src/game_interpreter.cpp:596,Game_Interpreter::CommandChangeFaceGraphic,existing_handler_semantics_unverified,本轮只核对分派位置，尚未逐参数/子模式比对。,not_performed_in_this_assessment,../../RPGRewriter-maniac/analysis/Maniacs-Complete/commands/10130.md
10140,Show Choices,250921,complete_for_documented_250921_modes,ShowChoice,src/game_interpreter.cpp:598,Game_Interpreter::CommandShowChoices,existing_handler_semantics_unverified,本轮只核对分派位置，尚未逐参数/子模式比对。,not_performed_in_this_assessment,../../RPGRewriter-maniac/analysis/Maniacs-Complete/commands/10140.md
10150,Input Number,250921,complete_for_documented_250921_modes,InputNumber,src/game_interpreter.cpp:604,Game_Interpreter::CommandInputNumber,existing_handler_semantics_unverified,本轮只核对分派位置，尚未逐参数/子模式比对。,not_performed_in_this_assessment,../../RPGRewriter-maniac/analysis/Maniacs-Complete/commands/10150.md
10210,Control Switches,250921,complete_for_documented_250921_modes,ControlSwitches,src/game_interpreter.cpp:606,Game_Interpreter::CommandControlSwitches,existing_handler_semantics_unverified,本轮只核对分派位置，尚未逐参数/子模式比对。,not_performed_in_this_assessment,../../RPGRewriter-maniac/analysis/Maniacs-Complete/commands/10210.md
10220,ControlVariables,250921,complete_for_documented_250921_modes,ControlVars,src/game_interpreter.cpp:608,Game_Interpreter::CommandControlVariables,existing_handler_semantics_unverified,已有扩展；需对照全部目标/来源模式、self 引用与表达式副作用。,not_performed_in_this_assessment,../../RPGRewriter-maniac/analysis/Maniacs-Complete/commands/10220.md
10230,Timer,250921,complete_for_documented_250921_modes,TimerOperation,src/game_interpreter.cpp:610,Game_Interpreter::CommandTimerOperation,existing_handler_semantics_unverified,本轮只核对分派位置，尚未逐参数/子模式比对。,not_performed_in_this_assessment,../../RPGRewriter-maniac/analysis/Maniacs-Complete/commands/10230.md
10310,Money,250921,complete_for_documented_250921_modes,ChangeGold,src/game_interpreter.cpp:612,Game_Interpreter::CommandChangeGold,existing_handler_semantics_unverified,本轮只核对分派位置，尚未逐参数/子模式比对。,not_performed_in_this_assessment,../../RPGRewriter-maniac/analysis/Maniacs-Complete/commands/10310.md
10320,Item,250921,complete_for_documented_250921_modes,ChangeItems,src/game_interpreter.cpp:614,Game_Interpreter::CommandChangeItems,existing_handler_semantics_unverified,本轮只核对分派位置，尚未逐参数/子模式比对。,not_performed_in_this_assessment,../../RPGRewriter-maniac/analysis/Maniacs-Complete/commands/10320.md
10330,Change Party Member,250921,complete_for_documented_250921_modes,ChangePartyMembers,src/game_interpreter.cpp:616,Game_Interpreter::CommandChangePartyMember,existing_handler_semantics_unverified,本轮只核对分派位置，尚未逐参数/子模式比对。,not_performed_in_this_assessment,../../RPGRewriter-maniac/analysis/Maniacs-Complete/commands/10330.md
10410,EXP,250921,complete_for_documented_250921_modes,ChangeExp,src/game_interpreter.cpp:618,Game_Interpreter::CommandChangeExp,existing_handler_semantics_unverified,本轮只核对分派位置，尚未逐参数/子模式比对。,not_performed_in_this_assessment,../../RPGRewriter-maniac/analysis/Maniacs-Complete/commands/10410.md
10420,Change Level,250921,complete_for_documented_250921_modes,ChangeLevel,src/game_interpreter.cpp:620,Game_Interpreter::CommandChangeLevel,existing_handler_semantics_unverified,本轮只核对分派位置，尚未逐参数/子模式比对。,not_performed_in_this_assessment,../../RPGRewriter-maniac/analysis/Maniacs-Complete/commands/10420.md
10430,Parameter,250921,complete_for_documented_250921_modes,ChangeParameters,src/game_interpreter.cpp:622,Game_Interpreter::CommandChangeParameters,existing_handler_semantics_unverified,本轮只核对分派位置，尚未逐参数/子模式比对。,not_performed_in_this_assessment,../../RPGRewriter-maniac/analysis/Maniacs-Complete/commands/10430.md
10440,Skill,250921,complete_for_documented_250921_modes,ChangeSkills,src/game_interpreter.cpp:624,Game_Interpreter::CommandChangeSkills,existing_handler_semantics_unverified,本轮只核对分派位置，尚未逐参数/子模式比对。,not_performed_in_this_assessment,../../RPGRewriter-maniac/analysis/Maniacs-Complete/commands/10440.md
10450,Equipment,250921,complete_for_documented_250921_modes,ChangeEquipment,src/game_interpreter.cpp:626,Game_Interpreter::CommandChangeEquipment,existing_handler_semantics_unverified,本轮只核对分派位置，尚未逐参数/子模式比对。,not_performed_in_this_assessment,../../RPGRewriter-maniac/analysis/Maniacs-Complete/commands/10450.md
10460,HP,250921,complete_for_documented_250921_modes,ChangeHP,src/game_interpreter.cpp:628,Game_Interpreter::CommandChangeHP,existing_handler_semantics_unverified,本轮只核对分派位置，尚未逐参数/子模式比对。,not_performed_in_this_assessment,../../RPGRewriter-maniac/analysis/Maniacs-Complete/commands/10460.md
10470,MP,250921,complete_for_documented_250921_modes,ChangeSP,src/game_interpreter.cpp:630,Game_Interpreter::CommandChangeSP,existing_handler_semantics_unverified,本轮只核对分派位置，尚未逐参数/子模式比对。,not_performed_in_this_assessment,../../RPGRewriter-maniac/analysis/Maniacs-Complete/commands/10470.md
10480,Change State,250921,complete_for_documented_250921_modes,ChangeCondition,src/game_interpreter.cpp:632,Game_Interpreter::CommandChangeCondition,existing_handler_semantics_unverified,本轮只核对分派位置，尚未逐参数/子模式比对。,not_performed_in_this_assessment,../../RPGRewriter-maniac/analysis/Maniacs-Complete/commands/10480.md
10490,Recover All,250921,complete_for_documented_250921_modes,FullHeal,src/game_interpreter.cpp:634,Game_Interpreter::CommandFullHeal,existing_handler_semantics_unverified,本轮只核对分派位置，尚未逐参数/子模式比对。,not_performed_in_this_assessment,../../RPGRewriter-maniac/analysis/Maniacs-Complete/commands/10490.md
10500,Damage Processing,250921,complete_for_documented_250921_modes,SimulatedAttack,src/game_interpreter.cpp:636,Game_Interpreter::CommandSimulatedAttack,existing_handler_semantics_unverified,本轮只核对分派位置，尚未逐参数/子模式比对。,not_performed_in_this_assessment,../../RPGRewriter-maniac/analysis/Maniacs-Complete/commands/10500.md
10610,Change Actor Name,250921,complete_for_documented_250921_modes,ChangeHeroName,src/game_interpreter.cpp:653,Game_Interpreter::CommandChangeHeroName,existing_handler_semantics_unverified,本轮只核对分派位置，尚未逐参数/子模式比对。,not_performed_in_this_assessment,../../RPGRewriter-maniac/analysis/Maniacs-Complete/commands/10610.md
10620,Change Actor Nickname,250921,complete_for_documented_250921_modes,ChangeHeroTitle,src/game_interpreter.cpp:655,Game_Interpreter::CommandChangeHeroTitle,existing_handler_semantics_unverified,本轮只核对分派位置，尚未逐参数/子模式比对。,not_performed_in_this_assessment,../../RPGRewriter-maniac/analysis/Maniacs-Complete/commands/10620.md
10630,Change Actor Graphic,250921,complete_for_documented_250921_modes,ChangeSpriteAssociation,src/game_interpreter.cpp:657,Game_Interpreter::CommandChangeSpriteAssociation,existing_handler_semantics_unverified,本轮只核对分派位置，尚未逐参数/子模式比对。,not_performed_in_this_assessment,../../RPGRewriter-maniac/analysis/Maniacs-Complete/commands/10630.md
10640,Change Actor Face,250921,complete_for_documented_250921_modes,ChangeActorFace,src/game_interpreter.cpp:659,Game_Interpreter::CommandChangeActorFace,existing_handler_semantics_unverified,本轮只核对分派位置，尚未逐参数/子模式比对。,not_performed_in_this_assessment,../../RPGRewriter-maniac/analysis/Maniacs-Complete/commands/10640.md
10650,Change Vehicle Graphic,250921,complete_for_documented_250921_modes,ChangeVehicleGraphic,src/game_interpreter.cpp:661,Game_Interpreter::CommandChangeVehicleGraphic,existing_handler_semantics_unverified,本轮只核对分派位置，尚未逐参数/子模式比对。,not_performed_in_this_assessment,../../RPGRewriter-maniac/analysis/Maniacs-Complete/commands/10650.md
10660,Change System BGM,250921,complete_for_documented_250921_modes,ChangeSystemBGM,src/game_interpreter.cpp:663,Game_Interpreter::CommandChangeSystemBGM,existing_handler_semantics_unverified,本轮只核对分派位置，尚未逐参数/子模式比对。,not_performed_in_this_assessment,../../RPGRewriter-maniac/analysis/Maniacs-Complete/commands/10660.md
10670,Change System Sound,250921,complete_for_documented_250921_modes,ChangeSystemSFX,src/game_interpreter.cpp:665,Game_Interpreter::CommandChangeSystemSFX,existing_handler_semantics_unverified,本轮只核对分派位置，尚未逐参数/子模式比对。,not_performed_in_this_assessment,../../RPGRewriter-maniac/analysis/Maniacs-Complete/commands/10670.md
10680,Change System Graphic,250921,complete_for_documented_250921_modes,ChangeSystemGraphics,src/game_interpreter.cpp:667,Game_Interpreter::CommandChangeSystemGraphics,existing_handler_semantics_unverified,本轮只核对分派位置，尚未逐参数/子模式比对。,not_performed_in_this_assessment,../../RPGRewriter-maniac/analysis/Maniacs-Complete/commands/10680.md
10690,Set Transition,250921,complete_for_documented_250921_modes,ChangeScreenTransitions,src/game_interpreter.cpp:669,Game_Interpreter::CommandChangeScreenTransitions,existing_handler_semantics_unverified,本轮只核对分派位置，尚未逐参数/子模式比对。,not_performed_in_this_assessment,../../RPGRewriter-maniac/analysis/Maniacs-Complete/commands/10690.md
10710,Battle,250921,complete_for_documented_250921_modes,EnemyEncounter,src/game_interpreter_map.cpp:190,Game_Interpreter_Map::CommandEnemyEncounter,existing_handler_semantics_unverified,本轮只核对分派位置，尚未逐参数/子模式比对。,not_performed_in_this_assessment,../../RPGRewriter-maniac/analysis/Maniacs-Complete/commands/10710.md
10720,Shop,250921,complete_for_documented_250921_modes,OpenShop,src/game_interpreter_map.cpp:204,Game_Interpreter_Map::CommandOpenShop,existing_handler_semantics_unverified,本轮只核对分派位置，尚未逐参数/子模式比对。,not_performed_in_this_assessment,../../RPGRewriter-maniac/analysis/Maniacs-Complete/commands/10720.md
10730,Inn,250921,complete_for_documented_250921_modes,ShowInn,src/game_interpreter_map.cpp:212,Game_Interpreter_Map::CommandShowInn,existing_handler_semantics_unverified,本轮只核对分派位置，尚未逐参数/子模式比对。,not_performed_in_this_assessment,../../RPGRewriter-maniac/analysis/Maniacs-Complete/commands/10730.md
10740,Name Entry,250921,complete_for_documented_250921_modes,EnterHeroName,src/game_interpreter_map.cpp:220,Game_Interpreter_Map::CommandEnterHeroName,existing_handler_semantics_unverified,本轮只核对分派位置，尚未逐参数/子模式比对。,not_performed_in_this_assessment,../../RPGRewriter-maniac/analysis/Maniacs-Complete/commands/10740.md
10810,Transfer Player,250921,complete_for_documented_250921_modes,Teleport,src/game_interpreter_map.cpp:222,Game_Interpreter_Map::CommandTeleport,existing_handler_semantics_unverified,本轮只核对分派位置，尚未逐参数/子模式比对。,not_performed_in_this_assessment,../../RPGRewriter-maniac/analysis/Maniacs-Complete/commands/10810.md
10820,Store Place,250921,complete_for_documented_250921_modes,MemorizeLocation,src/game_interpreter.cpp:671,Game_Interpreter::CommandMemorizeLocation,existing_handler_semantics_unverified,本轮只核对分派位置，尚未逐参数/子模式比对。,not_performed_in_this_assessment,../../RPGRewriter-maniac/analysis/Maniacs-Complete/commands/10820.md
10830,Restore Place,250921,complete_for_documented_250921_modes,RecallToLocation,src/game_interpreter_map.cpp:188,Game_Interpreter_Map::CommandRecallToLocation,existing_handler_semantics_unverified,本轮只核对分派位置，尚未逐参数/子模式比对。,not_performed_in_this_assessment,../../RPGRewriter-maniac/analysis/Maniacs-Complete/commands/10830.md
10840,Ride Vehicle,250921,complete_for_documented_250921_modes,EnterExitVehicle,src/game_interpreter_map.cpp:224,Game_Interpreter_Map::CommandEnterExitVehicle,existing_handler_semantics_unverified,本轮只核对分派位置，尚未逐参数/子模式比对。,not_performed_in_this_assessment,../../RPGRewriter-maniac/analysis/Maniacs-Complete/commands/10840.md
10850,Set Vehicle Location,250921,complete_for_documented_250921_modes,SetVehicleLocation,src/game_interpreter.cpp:673,Game_Interpreter::CommandSetVehicleLocation,existing_handler_semantics_unverified,本轮只核对分派位置，尚未逐参数/子模式比对。,not_performed_in_this_assessment,../../RPGRewriter-maniac/analysis/Maniacs-Complete/commands/10850.md
10860,Set Event Location,250921,complete_for_documented_250921_modes,ChangeEventLocation,src/game_interpreter.cpp:675,Game_Interpreter::CommandChangeEventLocation,existing_handler_semantics_unverified,本轮只核对分派位置，尚未逐参数/子模式比对。,not_performed_in_this_assessment,../../RPGRewriter-maniac/analysis/Maniacs-Complete/commands/10860.md
10870,Swap Event Positions,250921,complete_for_documented_250921_modes,TradeEventLocations,src/game_interpreter.cpp:677,Game_Interpreter::CommandTradeEventLocations,existing_handler_semantics_unverified,本轮只核对分派位置，尚未逐参数/子模式比对。,not_performed_in_this_assessment,../../RPGRewriter-maniac/analysis/Maniacs-Complete/commands/10870.md
10910,Get Terrain ID,250921,complete_for_documented_250921_modes,StoreTerrainID,src/game_interpreter.cpp:679,Game_Interpreter::CommandStoreTerrainID,existing_handler_semantics_unverified,本轮只核对分派位置，尚未逐参数/子模式比对。,not_performed_in_this_assessment,../../RPGRewriter-maniac/analysis/Maniacs-Complete/commands/10910.md
10920,Get Event ID,250921,complete_for_documented_250921_modes,StoreEventID,src/game_interpreter.cpp:681,Game_Interpreter::CommandStoreEventID,existing_handler_semantics_unverified,本轮只核对分派位置，尚未逐参数/子模式比对。,not_performed_in_this_assessment,../../RPGRewriter-maniac/analysis/Maniacs-Complete/commands/10920.md
11010,Hide Screen,250921,complete_for_documented_250921_modes,EraseScreen,src/game_interpreter.cpp:683,Game_Interpreter::CommandEraseScreen,existing_handler_semantics_unverified,本轮只核对分派位置，尚未逐参数/子模式比对。,not_performed_in_this_assessment,../../RPGRewriter-maniac/analysis/Maniacs-Complete/commands/11010.md
11020,Show Screen,250921,complete_for_documented_250921_modes,ShowScreen,src/game_interpreter.cpp:685,Game_Interpreter::CommandShowScreen,existing_handler_semantics_unverified,本轮只核对分派位置，尚未逐参数/子模式比对。,not_performed_in_this_assessment,../../RPGRewriter-maniac/analysis/Maniacs-Complete/commands/11020.md
11030,Tint Screen,250921,complete_for_documented_250921_modes,TintScreen,src/game_interpreter.cpp:687,Game_Interpreter::CommandTintScreen,existing_handler_semantics_unverified,本轮只核对分派位置，尚未逐参数/子模式比对。,not_performed_in_this_assessment,../../RPGRewriter-maniac/analysis/Maniacs-Complete/commands/11030.md
11040,Flash Screen,250921,complete_for_documented_250921_modes,FlashScreen,src/game_interpreter.cpp:689,Game_Interpreter::CommandFlashScreen,existing_handler_semantics_unverified,本轮只核对分派位置，尚未逐参数/子模式比对。,not_performed_in_this_assessment,../../RPGRewriter-maniac/analysis/Maniacs-Complete/commands/11040.md
11050,Shake Screen,250921,complete_for_documented_250921_modes,ShakeScreen,src/game_interpreter.cpp:691,Game_Interpreter::CommandShakeScreen,existing_handler_semantics_unverified,本轮只核对分派位置，尚未逐参数/子模式比对。,not_performed_in_this_assessment,../../RPGRewriter-maniac/analysis/Maniacs-Complete/commands/11050.md
11060,Scroll Screen,250921,complete_for_documented_250921_modes,PanScreen,src/game_interpreter_map.cpp:226,Game_Interpreter_Map::CommandPanScreen,existing_handler_semantics_unverified,本轮只核对分派位置，尚未逐参数/子模式比对。,not_performed_in_this_assessment,../../RPGRewriter-maniac/analysis/Maniacs-Complete/commands/11060.md
11070,Weather Effects,250921,complete_for_documented_250921_modes,WeatherEffects,src/game_interpreter.cpp:693,Game_Interpreter::CommandWeatherEffects,existing_handler_semantics_unverified,本轮只核对分派位置，尚未逐参数/子模式比对。,not_performed_in_this_assessment,../../RPGRewriter-maniac/analysis/Maniacs-Complete/commands/11070.md
11110,Show Picture,250921,complete_for_documented_250921_modes,ShowPicture,src/game_interpreter.cpp:695,Game_Interpreter::CommandShowPicture,existing_handler_semantics_unverified,本轮只核对分派位置，尚未逐参数/子模式比对。,not_performed_in_this_assessment,../../RPGRewriter-maniac/analysis/Maniacs-Complete/commands/11110.md
11120,Move Picture,250921,complete_for_documented_250921_modes,MovePicture,src/game_interpreter.cpp:697,Game_Interpreter::CommandMovePicture,existing_handler_semantics_unverified,本轮只核对分派位置，尚未逐参数/子模式比对。,not_performed_in_this_assessment,../../RPGRewriter-maniac/analysis/Maniacs-Complete/commands/11120.md
11130,Erase Picture,250921,complete_for_documented_250921_modes,ErasePicture,src/game_interpreter.cpp:699,Game_Interpreter::CommandErasePicture,existing_handler_semantics_unverified,本轮只核对分派位置，尚未逐参数/子模式比对。,not_performed_in_this_assessment,../../RPGRewriter-maniac/analysis/Maniacs-Complete/commands/11130.md
11210,Show Animation,250921,complete_for_documented_250921_modes,ShowBattleAnimation,src/game_interpreter_map.cpp:228,Game_Interpreter_Map::CommandShowBattleAnimation,existing_handler_semantics_unverified,本地已有动画扩展和独立 liblcf 存档字段；现有文档不声明原版存档互通。,not_performed_in_this_assessment,../../RPGRewriter-maniac/analysis/Maniacs-Complete/commands/11210.md
11310,Set Player Transparent,250921,complete_for_documented_250921_modes,PlayerVisibility,src/game_interpreter.cpp:701,Game_Interpreter::CommandPlayerVisibility,existing_handler_semantics_unverified,本轮只核对分派位置，尚未逐参数/子模式比对。,not_performed_in_this_assessment,../../RPGRewriter-maniac/analysis/Maniacs-Complete/commands/11310.md
11320,Flash Event,250921,complete_for_documented_250921_modes,FlashSprite,src/game_interpreter_map.cpp:230,Game_Interpreter_Map::CommandFlashSprite,existing_handler_semantics_unverified,本轮只核对分派位置，尚未逐参数/子模式比对。,not_performed_in_this_assessment,../../RPGRewriter-maniac/analysis/Maniacs-Complete/commands/11320.md
11330,SetAction,250921,complete_for_documented_250921_modes,MoveEvent,src/game_interpreter.cpp:703,Game_Interpreter::CommandMoveEvent,existing_handler_semantics_unverified,已有移动路线入口；需接入并核对连续 3027 消费、参数捕获和内层编码。,not_performed_in_this_assessment,../../RPGRewriter-maniac/analysis/Maniacs-Complete/commands/11330.md
11340,Wait for All Movement,250921,complete_for_documented_250921_modes,ProceedWithMovement,src/game_interpreter_map.cpp:232,Game_Interpreter_Map::CommandProceedWithMovement,existing_handler_semantics_unverified,本轮只核对分派位置，尚未逐参数/子模式比对。,not_performed_in_this_assessment,../../RPGRewriter-maniac/analysis/Maniacs-Complete/commands/11340.md
11350,Stop All Movement,250921,complete_for_documented_250921_modes,HaltAllMovement,src/game_interpreter_map.cpp:234,Game_Interpreter_Map::CommandHaltAllMovement,existing_handler_semantics_unverified,本轮只核对分派位置，尚未逐参数/子模式比对。,not_performed_in_this_assessment,../../RPGRewriter-maniac/analysis/Maniacs-Complete/commands/11350.md
11410,Wait,250921,complete_for_documented_250921_modes,Wait,src/game_interpreter.cpp:638,Game_Interpreter::CommandWait,existing_handler_semantics_unverified,本轮只核对分派位置，尚未逐参数/子模式比对。,not_performed_in_this_assessment,../../RPGRewriter-maniac/analysis/Maniacs-Complete/commands/11410.md
11510,Play BGM,250921,complete_for_documented_250921_modes,PlayBGM,src/game_interpreter.cpp:640,Game_Interpreter::CommandPlayBGM,existing_handler_semantics_unverified,本轮只核对分派位置，尚未逐参数/子模式比对。,not_performed_in_this_assessment,../../RPGRewriter-maniac/analysis/Maniacs-Complete/commands/11510.md
11520,Fadeout BGM,250921,complete_for_documented_250921_modes,FadeOutBGM,src/game_interpreter.cpp:642,Game_Interpreter::CommandFadeOutBGM,existing_handler_semantics_unverified,本轮只核对分派位置，尚未逐参数/子模式比对。,not_performed_in_this_assessment,../../RPGRewriter-maniac/analysis/Maniacs-Complete/commands/11520.md
11530,Store BGM,250921,complete_for_documented_250921_modes,MemorizeBGM,src/game_interpreter.cpp:705,Game_Interpreter::CommandMemorizeBGM,existing_handler_semantics_unverified,本轮只核对分派位置，尚未逐参数/子模式比对。,not_performed_in_this_assessment,../../RPGRewriter-maniac/analysis/Maniacs-Complete/commands/11530.md
11540,Replay BGM,250921,complete_for_documented_250921_modes,PlayMemorizedBGM,src/game_interpreter.cpp:707,Game_Interpreter::CommandPlayMemorizedBGM,existing_handler_semantics_unverified,本轮只核对分派位置，尚未逐参数/子模式比对。,not_performed_in_this_assessment,../../RPGRewriter-maniac/analysis/Maniacs-Complete/commands/11540.md
11550,Play SE,250921,complete_for_documented_250921_modes,PlaySound,src/game_interpreter.cpp:644,Game_Interpreter::CommandPlaySound,existing_handler_semantics_unverified,本轮只核对分派位置，尚未逐参数/子模式比对。,not_performed_in_this_assessment,../../RPGRewriter-maniac/analysis/Maniacs-Complete/commands/11550.md
11560,Play Movie,250921,complete_for_documented_250921_modes,PlayMovie,src/game_interpreter_map.cpp:236,Game_Interpreter_Map::CommandPlayMovie,existing_handler_semantics_unverified,本轮只核对分派位置，尚未逐参数/子模式比对。,not_performed_in_this_assessment,../../RPGRewriter-maniac/analysis/Maniacs-Complete/commands/11560.md
11610,Input Key,250921,complete_for_documented_250921_modes,KeyInputProc,src/game_interpreter.cpp:709,Game_Interpreter::CommandKeyInputProc,existing_handler_semantics_unverified,本轮只核对分派位置，尚未逐参数/子模式比对。,not_performed_in_this_assessment,../../RPGRewriter-maniac/analysis/Maniacs-Complete/commands/11610.md
11710,Change Tileset,250921,complete_for_documented_250921_modes,ChangeMapTileset,src/game_interpreter.cpp:711,Game_Interpreter::CommandChangeMapTileset,existing_handler_semantics_unverified,本轮只核对分派位置，尚未逐参数/子模式比对。,not_performed_in_this_assessment,../../RPGRewriter-maniac/analysis/Maniacs-Complete/commands/11710.md
11720,Change Parallax,250921,complete_for_documented_250921_modes,ChangePBG,src/game_interpreter.cpp:713,Game_Interpreter::CommandChangePBG,existing_handler_semantics_unverified,本轮只核对分派位置，尚未逐参数/子模式比对。,not_performed_in_this_assessment,../../RPGRewriter-maniac/analysis/Maniacs-Complete/commands/11720.md
11740,Set Encounter Rate,250921,complete_for_documented_250921_modes,ChangeEncounterSteps,src/game_interpreter.cpp:715,Game_Interpreter::CommandChangeEncounterSteps,existing_handler_semantics_unverified,本轮只核对分派位置，尚未逐参数/子模式比对。,not_performed_in_this_assessment,../../RPGRewriter-maniac/analysis/Maniacs-Complete/commands/11740.md
11750,Replace Tile,250921,complete_for_documented_250921_modes,TileSubstitution,src/game_interpreter.cpp:717,Game_Interpreter::CommandTileSubstitution,existing_handler_semantics_unverified,本轮只核对分派位置，尚未逐参数/子模式比对。,not_performed_in_this_assessment,../../RPGRewriter-maniac/analysis/Maniacs-Complete/commands/11750.md
11810,Teleport Point,250921,complete_for_documented_250921_modes,TeleportTargets,src/game_interpreter.cpp:719,Game_Interpreter::CommandTeleportTargets,existing_handler_semantics_unverified,本轮只核对分派位置，尚未逐参数/子模式比对。,not_performed_in_this_assessment,../../RPGRewriter-maniac/analysis/Maniacs-Complete/commands/11810.md
11820,Teleport Permission,250921,complete_for_documented_250921_modes,ChangeTeleportAccess,src/game_interpreter.cpp:721,Game_Interpreter::CommandChangeTeleportAccess,existing_handler_semantics_unverified,本轮只核对分派位置，尚未逐参数/子模式比对。,not_performed_in_this_assessment,../../RPGRewriter-maniac/analysis/Maniacs-Complete/commands/11820.md
11830,Set Escape Position,250921,complete_for_documented_250921_modes,EscapeTarget,src/game_interpreter.cpp:723,Game_Interpreter::CommandEscapeTarget,existing_handler_semantics_unverified,本轮只核对分派位置，尚未逐参数/子模式比对。,not_performed_in_this_assessment,../../RPGRewriter-maniac/analysis/Maniacs-Complete/commands/11830.md
11840,Change Escape Access,250921,complete_for_documented_250921_modes,ChangeEscapeAccess,src/game_interpreter.cpp:725,Game_Interpreter::CommandChangeEscapeAccess,existing_handler_semantics_unverified,本轮只核对分派位置，尚未逐参数/子模式比对。,not_performed_in_this_assessment,../../RPGRewriter-maniac/analysis/Maniacs-Complete/commands/11840.md
11910,Open Save Menu / Menu Operations,250921,complete_for_documented_250921_modes,OpenSaveMenu,src/game_interpreter_map.cpp:238,Game_Interpreter_Map::CommandOpenSaveMenu,existing_handler_semantics_unverified,本轮只核对分派位置，尚未逐参数/子模式比对。,not_performed_in_this_assessment,../../RPGRewriter-maniac/analysis/Maniacs-Complete/commands/11910.md
11930,Save Permission,250921,complete_for_documented_250921_modes,ChangeSaveAccess,src/game_interpreter.cpp:727,Game_Interpreter::CommandChangeSaveAccess,existing_handler_semantics_unverified,本轮只核对分派位置，尚未逐参数/子模式比对。,not_performed_in_this_assessment,../../RPGRewriter-maniac/analysis/Maniacs-Complete/commands/11930.md
11950,Menu,250921,complete_for_documented_250921_modes,OpenMainMenu,src/game_interpreter_map.cpp:240,Game_Interpreter_Map::CommandOpenMainMenu,existing_handler_semantics_unverified,本轮只核对分派位置，尚未逐参数/子模式比对。,not_performed_in_this_assessment,../../RPGRewriter-maniac/analysis/Maniacs-Complete/commands/11950.md
11960,Menu Permission,250921,complete_for_documented_250921_modes,ChangeMainMenuAccess,src/game_interpreter.cpp:729,Game_Interpreter::CommandChangeMainMenuAccess,existing_handler_semantics_unverified,本轮只核对分派位置，尚未逐参数/子模式比对。,not_performed_in_this_assessment,../../RPGRewriter-maniac/analysis/Maniacs-Complete/commands/11960.md
12010,Conditional Branch,250921,complete_for_documented_250921_modes,ConditionalBranch,src/game_interpreter.cpp:731,Game_Interpreter::CommandConditionalBranch,existing_handler_semantics_unverified,本轮只核对分派位置，尚未逐参数/子模式比对。,not_performed_in_this_assessment,../../RPGRewriter-maniac/analysis/Maniacs-Complete/commands/12010.md
12110,Label,250921,complete_for_documented_250921_modes,Label,src/game_interpreter.cpp:733,inspect dispatch body,existing_handler_semantics_unverified,本轮只核对分派位置，尚未逐参数/子模式比对。,not_performed_in_this_assessment,../../RPGRewriter-maniac/analysis/Maniacs-Complete/commands/12110.md
12120,Jump to Label,250921,complete_for_documented_250921_modes,JumpToLabel,src/game_interpreter.cpp:735,Game_Interpreter::CommandJumpToLabel,existing_handler_semantics_unverified,本轮只核对分派位置，尚未逐参数/子模式比对。,not_performed_in_this_assessment,../../RPGRewriter-maniac/analysis/Maniacs-Complete/commands/12120.md
12210,Loop,250921,complete_for_documented_250921_modes,Loop,src/game_interpreter.cpp:737,Game_Interpreter::CommandLoop,existing_handler_semantics_unverified,本轮只核对分派位置，尚未逐参数/子模式比对。,not_performed_in_this_assessment,../../RPGRewriter-maniac/analysis/Maniacs-Complete/commands/12210.md
12220,Break or Continue Loop,250921,complete_for_documented_250921_modes,BreakLoop,src/game_interpreter.cpp:739,Game_Interpreter::CommandBreakLoop,existing_handler_semantics_unverified,工作区已有 continue/外层循环修复；该变更仍未提交，不能覆盖。,not_performed_in_this_assessment,../../RPGRewriter-maniac/analysis/Maniacs-Complete/commands/12220.md
12310,Exit Event Processing,250921,complete_for_documented_250921_modes,EndEventProcessing,src/game_interpreter.cpp:646,Game_Interpreter::CommandEndEventProcessing,existing_handler_semantics_unverified,已有事件退出入口；需核对 Maniac 返回值投递和 callee 清理顺序。,not_performed_in_this_assessment,../../RPGRewriter-maniac/analysis/Maniacs-Complete/commands/12310.md
12320,Erase or Restore Event,250921,complete_for_documented_250921_modes,EraseEvent,src/game_interpreter.cpp:743,Game_Interpreter::CommandEraseEvent,existing_handler_semantics_unverified,本轮只核对分派位置，尚未逐参数/子模式比对。,not_performed_in_this_assessment,../../RPGRewriter-maniac/analysis/Maniacs-Complete/commands/12320.md
12330,CallEvent,250921,complete_for_documented_250921_modes,CallEvent,src/game_interpreter.cpp:745,Game_Interpreter::CommandCallEvent,confirmed_partial_or_gap,当前 switch 仅处理 selector 0..4；报告包含按名称调用、带类型实参及返回目的地。,not_performed_in_this_assessment,../../RPGRewriter-maniac/analysis/Maniacs-Complete/commands/12330.md
12410,Comment,250921,complete_for_documented_250921_modes,Comment,src/game_interpreter.cpp:648,inspect dispatch body,existing_handler_semantics_unverified,本轮只核对分派位置，尚未逐参数/子模式比对。,not_performed_in_this_assessment,../../RPGRewriter-maniac/analysis/Maniacs-Complete/commands/12410.md
12420,Game Over,250921,complete_for_documented_250921_modes,GameOver,src/game_interpreter.cpp:651,Game_Interpreter::CommandGameOver,existing_handler_semantics_unverified,本轮只核对分派位置，尚未逐参数/子模式比对。,not_performed_in_this_assessment,../../RPGRewriter-maniac/analysis/Maniacs-Complete/commands/12420.md
12510,To Title,250921,complete_for_documented_250921_modes,ReturntoTitleScreen,src/game_interpreter.cpp:747,Game_Interpreter::CommandReturnToTitleScreen,existing_handler_semantics_unverified,本轮只核对分派位置，尚未逐参数/子模式比对。,not_performed_in_this_assessment,../../RPGRewriter-maniac/analysis/Maniacs-Complete/commands/12510.md
13110,Change Enemy HP,250921,complete_for_documented_250921_modes,ChangeMonsterHP,src/game_interpreter_battle.cpp:230,Game_Interpreter_Battle::CommandChangeMonsterHP,existing_handler_semantics_unverified,本轮只核对分派位置，尚未逐参数/子模式比对。,not_performed_in_this_assessment,../../RPGRewriter-maniac/analysis/Maniacs-Complete/commands/13110.md
13120,Change Enemy MP,250921,complete_for_documented_250921_modes,ChangeMonsterMP,src/game_interpreter_battle.cpp:232,Game_Interpreter_Battle::CommandChangeMonsterMP,existing_handler_semantics_unverified,本轮只核对分派位置，尚未逐参数/子模式比对。,not_performed_in_this_assessment,../../RPGRewriter-maniac/analysis/Maniacs-Complete/commands/13120.md
13130,Change Enemy State,250921,complete_for_documented_250921_modes,ChangeMonsterCondition,src/game_interpreter_battle.cpp:234,Game_Interpreter_Battle::CommandChangeMonsterCondition,existing_handler_semantics_unverified,本轮只核对分派位置，尚未逐参数/子模式比对。,not_performed_in_this_assessment,../../RPGRewriter-maniac/analysis/Maniacs-Complete/commands/13130.md
13150,Enemy Appearance,250921,complete_for_documented_250921_modes,ShowHiddenMonster,src/game_interpreter_battle.cpp:236,Game_Interpreter_Battle::CommandShowHiddenMonster,existing_handler_semantics_unverified,本轮只核对分派位置，尚未逐参数/子模式比对。,not_performed_in_this_assessment,../../RPGRewriter-maniac/analysis/Maniacs-Complete/commands/13150.md
13210,Change Battle Background,250921,complete_for_documented_250921_modes,ChangeBattleBG,src/game_interpreter_battle.cpp:238,Game_Interpreter_Battle::CommandChangeBattleBG,existing_handler_semantics_unverified,本轮只核对分派位置，尚未逐参数/子模式比对。,not_performed_in_this_assessment,../../RPGRewriter-maniac/analysis/Maniacs-Complete/commands/13210.md
13260,Show Battle Animation,250921,complete_for_documented_250921_modes,ShowBattleAnimation_B,src/game_interpreter_battle.cpp:240,Game_Interpreter_Battle::CommandShowBattleAnimation,existing_handler_semantics_unverified,本轮只核对分派位置，尚未逐参数/子模式比对。,not_performed_in_this_assessment,../../RPGRewriter-maniac/analysis/Maniacs-Complete/commands/13260.md
13310,Battle Conditional Branch,250921,complete_for_documented_250921_modes,ConditionalBranch_B,src/game_interpreter_battle.cpp:244,Game_Interpreter_Battle::CommandConditionalBranchBattle,existing_handler_semantics_unverified,本轮只核对分派位置，尚未逐参数/子模式比对。,not_performed_in_this_assessment,../../RPGRewriter-maniac/analysis/Maniacs-Complete/commands/13310.md
13410,Abort Battle,250921,complete_for_documented_250921_modes,TerminateBattle,src/game_interpreter_battle.cpp:242,Game_Interpreter_Battle::CommandTerminateBattle,existing_handler_semantics_unverified,本轮只核对分派位置，尚未逐参数/子模式比对。,not_performed_in_this_assessment,../../RPGRewriter-maniac/analysis/Maniacs-Complete/commands/13410.md
20110,Message Continuation,250921,complete_for_documented_250921_modes,ShowMessage_2,,,contextual_review_required,消息续行由父命令消费；不能要求独立分派。,not_performed_in_this_assessment,../../RPGRewriter-maniac/analysis/Maniacs-Complete/commands/20110.md
20140,Choice Branch,250921,complete_for_documented_250921_modes,ShowChoiceOption,src/game_interpreter.cpp:600,Game_Interpreter::CommandShowChoiceOption,existing_handler_semantics_unverified,本轮只核对分派位置，尚未逐参数/子模式比对。,not_performed_in_this_assessment,../../RPGRewriter-maniac/analysis/Maniacs-Complete/commands/20140.md
20141,End Choices,250921,complete_for_documented_250921_modes,ShowChoiceEnd,src/game_interpreter.cpp:602,Game_Interpreter::CommandShowChoiceEnd,existing_handler_semantics_unverified,本轮只核对分派位置，尚未逐参数/子模式比对。,not_performed_in_this_assessment,../../RPGRewriter-maniac/analysis/Maniacs-Complete/commands/20141.md
20710,If Win,250921,complete_for_documented_250921_modes,VictoryHandler,src/game_interpreter_map.cpp:196,Game_Interpreter_Map::CommandVictoryHandler,existing_handler_semantics_unverified,本轮只核对分派位置，尚未逐参数/子模式比对。,not_performed_in_this_assessment,../../RPGRewriter-maniac/analysis/Maniacs-Complete/commands/20710.md
20711,If Escape,250921,complete_for_documented_250921_modes,EscapeHandler,src/game_interpreter_map.cpp:198,Game_Interpreter_Map::CommandEscapeHandler,existing_handler_semantics_unverified,本轮只核对分派位置，尚未逐参数/子模式比对。,not_performed_in_this_assessment,../../RPGRewriter-maniac/analysis/Maniacs-Complete/commands/20711.md
20712,If Lose,250921,complete_for_documented_250921_modes,DefeatHandler,src/game_interpreter_map.cpp:200,Game_Interpreter_Map::CommandDefeatHandler,existing_handler_semantics_unverified,本轮只核对分派位置，尚未逐参数/子模式比对。,not_performed_in_this_assessment,../../RPGRewriter-maniac/analysis/Maniacs-Complete/commands/20712.md
20713,End Battle,250921,complete_for_documented_250921_modes,EndBattle,src/game_interpreter_map.cpp:202,Game_Interpreter_Map::CommandEndBattle,existing_handler_semantics_unverified,本轮只核对分派位置，尚未逐参数/子模式比对。,not_performed_in_this_assessment,../../RPGRewriter-maniac/analysis/Maniacs-Complete/commands/20713.md
20720,If Purchased,250921,complete_for_documented_250921_modes,Transaction,src/game_interpreter_map.cpp:206,Game_Interpreter_Map::CommandTransaction,existing_handler_semantics_unverified,本轮只核对分派位置，尚未逐参数/子模式比对。,not_performed_in_this_assessment,../../RPGRewriter-maniac/analysis/Maniacs-Complete/commands/20720.md
20721,If Not Purchased,250921,complete_for_documented_250921_modes,NoTransaction,src/game_interpreter_map.cpp:208,Game_Interpreter_Map::CommandNoTransaction,existing_handler_semantics_unverified,本轮只核对分派位置，尚未逐参数/子模式比对。,not_performed_in_this_assessment,../../RPGRewriter-maniac/analysis/Maniacs-Complete/commands/20721.md
20722,End Shop,250921,complete_for_documented_250921_modes,EndShop,src/game_interpreter_map.cpp:210,Game_Interpreter_Map::CommandEndShop,existing_handler_semantics_unverified,本轮只核对分派位置，尚未逐参数/子模式比对。,not_performed_in_this_assessment,../../RPGRewriter-maniac/analysis/Maniacs-Complete/commands/20722.md
20730,If Stayed,250921,complete_for_documented_250921_modes,Stay,src/game_interpreter_map.cpp:214,Game_Interpreter_Map::CommandStay,existing_handler_semantics_unverified,本轮只核对分派位置，尚未逐参数/子模式比对。,not_performed_in_this_assessment,../../RPGRewriter-maniac/analysis/Maniacs-Complete/commands/20730.md
20731,If Not Stayed,250921,complete_for_documented_250921_modes,NoStay,src/game_interpreter_map.cpp:216,Game_Interpreter_Map::CommandNoStay,existing_handler_semantics_unverified,本轮只核对分派位置，尚未逐参数/子模式比对。,not_performed_in_this_assessment,../../RPGRewriter-maniac/analysis/Maniacs-Complete/commands/20731.md
20732,End Inn,250921,complete_for_documented_250921_modes,EndInn,src/game_interpreter_map.cpp:218,Game_Interpreter_Map::CommandEndInn,existing_handler_semantics_unverified,本轮只核对分派位置，尚未逐参数/子模式比对。,not_performed_in_this_assessment,../../RPGRewriter-maniac/analysis/Maniacs-Complete/commands/20732.md
22010,Else,250921,complete_for_documented_250921_modes,ElseBranch,src/game_interpreter.cpp:753,Game_Interpreter::CommandElseBranch,existing_handler_semantics_unverified,本轮只核对分派位置，尚未逐参数/子模式比对。,not_performed_in_this_assessment,../../RPGRewriter-maniac/analysis/Maniacs-Complete/commands/22010.md
22011,End If,250921,complete_for_documented_250921_modes,EndBranch,src/game_interpreter.cpp:755,Game_Interpreter::CommandEndBranch,existing_handler_semantics_unverified,本轮只核对分派位置，尚未逐参数/子模式比对。,not_performed_in_this_assessment,../../RPGRewriter-maniac/analysis/Maniacs-Complete/commands/22011.md
22210,End Loop,250921,complete_for_documented_250921_modes,EndLoop,src/game_interpreter.cpp:741,Game_Interpreter::CommandEndLoop,existing_handler_semantics_unverified,本轮只核对分派位置，尚未逐参数/子模式比对。,not_performed_in_this_assessment,../../RPGRewriter-maniac/analysis/Maniacs-Complete/commands/22210.md
22410,Comment Continuation,250921,complete_for_documented_250921_modes,Comment_2,src/game_interpreter.cpp:649,Game_Interpreter::CommandComment,existing_handler_semantics_unverified,本轮只核对分派位置，尚未逐参数/子模式比对。,not_performed_in_this_assessment,../../RPGRewriter-maniac/analysis/Maniacs-Complete/commands/22410.md
23310,Else Battle,250921,complete_for_documented_250921_modes,ElseBranch_B,src/game_interpreter_battle.cpp:246,Game_Interpreter_Battle::CommandElseBranchBattle,existing_handler_semantics_unverified,本轮只核对分派位置，尚未逐参数/子模式比对。,not_performed_in_this_assessment,../../RPGRewriter-maniac/analysis/Maniacs-Complete/commands/23310.md
23311,End If Battle,250921,complete_for_documented_250921_modes,EndBranch_B,src/game_interpreter_battle.cpp:248,Game_Interpreter_Battle::CommandEndBranchBattle,existing_handler_semantics_unverified,本轮只核对分派位置，尚未逐参数/子模式比对。,not_performed_in_this_assessment,../../RPGRewriter-maniac/analysis/Maniacs-Complete/commands/23311.md
